<?xml version="1.0" encoding="UTF-8"?>
<DEFECTS>
  <DEFECT>
    <SFA>
      <FILEPATH>D:\Programmieren\C &amp; C++\RenewableIsBack\UserMode\src\util\</FILEPATH>
      <FILENAME>util.h</FILENAME>
      <LINE>206</LINE>
      <COLUMN>0</COLUMN>
    </SFA>
    <DEFECTCODE>26495</DEFECTCODE>
    <DESCRIPTION>Variable 'Camera::FieldOfView' is uninitialized. Always initialize a member variable (type.6).</DESCRIPTION>
    <FUNCTION>Camera::{ctor}</FUNCTION>
    <DECORATED>??0Camera@@QEAA@XZ</DECORATED>
    <FUNCLINE>206</FUNCLINE>
    <ADDITIONALINFO>
      <targetSymbol>Camera::FieldOfView</targetSymbol>
    </ADDITIONALINFO>
    <PATH></PATH>
  </DEFECT>
  <DEFECT>
    <SFA>
      <FILEPATH>D:\Programmieren\C &amp; C++\RenewableIsBack\UserMode\src\cheat\driver\</FILEPATH>
      <FILENAME>driver.h</FILENAME>
      <LINE>75</LINE>
      <COLUMN>22</COLUMN>
    </SFA>
    <DEFECTCODE>6289</DEFECTCODE>
    <DESCRIPTION>Incorrect operator.  Did you intend to use &amp;&amp; instead?</DESCRIPTION>
    <FUNCTION>driver::HandleDisposer::()</FUNCTION>
    <DECORATED>??RHandleDisposer@driver@@QEBAXPEAX@Z</DECORATED>
    <FUNCLINE>74</FUNCLINE>
    <PATH></PATH>
  </DEFECT>
  <DEFECT>
    <SFA>
      <FILEPATH>D:\Programmieren\C &amp; C++\RenewableIsBack\UserMode\src\cheat\driver\</FILEPATH>
      <FILENAME>driver.h</FILENAME>
      <LINE>76</LINE>
      <COLUMN>15</COLUMN>
    </SFA>
    <DEFECTCODE>6387</DEFECTCODE>
    <DESCRIPTION>'handle' could be '0':  this does not adhere to the specification for the function 'CloseHandle'. </DESCRIPTION>
    <FUNCTION>driver::HandleDisposer::()</FUNCTION>
    <DECORATED>??RHandleDisposer@driver@@QEBAXPEAX@Z</DECORATED>
    <FUNCLINE>74</FUNCLINE>
    <PROBABILITY>1</PROBABILITY>
    <RANK>4</RANK>
    <CATEGORY>
      <RULECATEGORY>mspft</RULECATEGORY>
    </CATEGORY>
    <PATH>
      <SFA>
        <FILEPATH>D:\Programmieren\C &amp; C++\RenewableIsBack\UserMode\src\cheat\driver\</FILEPATH>
        <FILENAME>driver.h</FILENAME>
        <LINE>75</LINE>
        <COLUMN>22</COLUMN>
        <KEYEVENT>
          <ID>1</ID>
          <KIND>branch</KIND>
          <IMPORTANCE>Full</IMPORTANCE>
          <MESSAGE>'handle' may be NULL (Enter this branch)</MESSAGE>
        </KEYEVENT>
      </SFA>
      <SFA>
        <FILEPATH>D:\Programmieren\C &amp; C++\RenewableIsBack\UserMode\src\cheat\driver\</FILEPATH>
        <FILENAME>driver.h</FILENAME>
        <LINE>76</LINE>
        <COLUMN>15</COLUMN>
        <KEYEVENT>
          <ID>2</ID>
          <KIND>usage</KIND>
          <IMPORTANCE>Full</IMPORTANCE>
          <MESSAGE>'handle' is an Input to 'CloseHandle' (declared at c:\program files (x86)\windows kits\10\include\10.0.22621.0\um\handleapi.h:39)</MESSAGE>
        </KEYEVENT>
      </SFA>
      <SFA>
        <FILEPATH>D:\Programmieren\C &amp; C++\RenewableIsBack\UserMode\src\cheat\driver\</FILEPATH>
        <FILENAME>driver.h</FILENAME>
        <LINE>76</LINE>
        <COLUMN>15</COLUMN>
        <KEYEVENT>
          <ID>3</ID>
          <KIND>usage</KIND>
          <IMPORTANCE>Essential</IMPORTANCE>
          <MESSAGE>'handle' should not be NULL, because this is not consistent with the SAL annotation on 'CloseHandle'</MESSAGE>
        </KEYEVENT>
      </SFA>
    </PATH>
  </DEFECT>
</DEFECTS>